Property Definition Identifier;Property Label Name;Property Key;Property Language;Property Value;Property List Item Identifier
eth_physical_description;Physical description;"Physical description (eth_physical_description;en)";en;;ad135ff0-fd4f-4fc8-8e82-62b39d88bf2d
eth_physical_description;Physical description;"Physical description (eth_physical_description;en)";en;;ec1e8dfb-35ef-4c71-a239-3ebe61114fed
eth_physical_description;Physical description;"Physical description (eth_physical_description;en)";en;;f314f092-9348-413c-b79a-8a8370e17cf7
eth_physical_description;Physical description;"Physical description (eth_physical_description;en)";en;Photography : gelatine silver print;c5687446-5295-44f2-ae56-135cfd965fa7
eth_physical_description;Physical description;"Physical description (eth_physical_description;en)";en;Original print;7596ff85-544a-4bbe-bb7e-f80235aa8e2d
eth_physical_description;Physical description;"Physical description (eth_physical_description;en)";en;Original print : aquatinta, mounted on cardboard;8b307f11-a008-4188-b539-124c59a6d2d9
eth_physical_description;Physical description;"Physical description (eth_physical_description;en)";en;Photography : glass-plate positive;4b375002-6c9a-4869-baa8-ea5484d652e4
eth_physical_description;Physical description;"Physical description (eth_physical_description;en)";en;Original print : etching;a987ffd2-edfb-424c-88d3-4a8751426055
eth_physical_description;Physical description;"Physical description (eth_physical_description;en)";en;Photography : paper print, mounted on paper;093bc820-3598-4074-9112-c6462b2e3e85
eth_physical_description;Physical description;"Physical description (eth_physical_description;en)";en;Print;fc246636-9f03-4f27-9e03-f58475b1f416
eth_physical_description;Physical description;"Physical description (eth_physical_description;en)";en;Postcard;03f0597d-ebb1-4df4-a4d2-715a213eae8e
eth_physical_description;Physical description;"Physical description (eth_physical_description;en)";en;Original print : woodcut;b46aa9d8-956a-4607-92a3-9d60b637e81e
eth_physical_description;Physical description;"Physical description (eth_physical_description;en)";en;Photography : glass-plate positive;77ef372b-3e13-4c4d-8b67-fa249ad686b3
eth_physical_description;Physical description;"Physical description (eth_physical_description;en)";en;Photography : paper print, stereo, mounted on cardboard;4ec1f0b8-a9cc-48e4-878c-343798b46840
eth_physical_description;Physical description;"Physical description (eth_physical_description;en)";en;Photography : paper print, mounted on cardboard;2cb2c256-005a-4b2a-ac7a-5f6470cb9d2c
eth_physical_description;Physical description;"Physical description (eth_physical_description;en)";en;Photography : gelatine silver print, mounted on cardboard;8495dfe0-e000-4fcf-851a-1f82edf53c64
eth_physical_description;Physical description;"Physical description (eth_physical_description;en)";en;Print : collotype;d4dd1843-5719-484f-bc40-6e8639962c00
eth_physical_description;Physical description;"Physical description (eth_physical_description;en)";en;Photography : albumen print, mounted on cardboard;3e84831d-c11d-4e70-979e-7d677521f2a4
eth_physical_description;Physical description;"Physical description (eth_physical_description;en)";en;Photography : salted paper print;7b96fbfa-61d0-4998-a321-3c340f5807ee
eth_physical_description;Physical description;"Physical description (eth_physical_description;en)";en;Reproduction photography : glass-plate positive;46a53b54-4dad-48f1-9c58-8af3b875082e
eth_physical_description;Physical description;"Physical description (eth_physical_description;en)";en;Photography : negative;c1c1e9f0-6f1f-4867-8a46-8971ea267873
eth_physical_description;Physical description;"Physical description (eth_physical_description;en)";en;Photography : gelatine silver print, stereo, mounted on cardbord;45f67ab3-abaa-414a-bf98-d1e457ac615e
eth_physical_description;Physical description;"Physical description (eth_physical_description;en)";en;Photography : diapositive;2ba8c726-f201-42db-ae41-c2199fb21bd2
eth_physical_description;Physical description;"Physical description (eth_physical_description;en)";en;Print : photochrom, mounted on cardboard;60efe1b1-e9aa-402a-ad84-8cd1f364ead4
eth_physical_description;Physical description;"Physical description (eth_physical_description;en)";en;Photography : internegative;7e836e35-89fd-41e9-a00e-c95c1ff042c3
eth_physical_description;Physical description;"Physical description (eth_physical_description;en)";en;Reproduction photography : glass-plate negative;83b83b0d-a98d-4ea3-955c-c9ab100fedc4
eth_physical_description;Physical description;"Physical description (eth_physical_description;en)";en;Digital photography : file;1f1f7d90-56c1-4fee-aa1c-cb1004fc7079
eth_physical_description;Physical description;"Physical description (eth_physical_description;en)";en;Photography : silver bromide print, mounted on cardbord;45031175-42e6-4c1a-9bf1-fecac51a7a97
eth_physical_description;Physical description;"Physical description (eth_physical_description;en)";en;Print : collotype, mounted on cardboard;424c3f1e-f169-422e-b906-be4b0827019d
eth_physical_description;Physical description;"Physical description (eth_physical_description;en)";en;Photography : cyanotype;51f2444e-0eda-4d85-941e-ee75f69db94c
eth_physical_description;Physical description;"Physical description (eth_physical_description;en)";en;Photography : gelatine silver print, mounted on paper;4b44324e-4649-4a17-b8bd-9028871d96a1
eth_physical_description;Physical description;"Physical description (eth_physical_description;en)";en;Photography : albumen print, mounted on paper;6134aa66-ad79-4159-8947-e9832ed0e5fb
eth_physical_description;Physical description;"Physical description (eth_physical_description;en)";en;Photography : albumen print;b18a78fa-6e7f-4335-9983-3a70e43e101d
eth_physical_description;Physical description;"Physical description (eth_physical_description;en)";en;Photography : nitrate-negative;18189f85-c552-492c-8c09-9b81f6b93e8f
eth_physical_description;Physical description;"Physical description (eth_physical_description;en)";en;Reproduction photography : negative;cad3da1a-bbca-40b9-8ee9-2cf8180ced8a
eth_physical_description;Physical description;"Physical description (eth_physical_description;en)";en;Reproduction photography : transparency positive;fdfb9b98-f448-4868-9d5b-964a0d092b85
eth_physical_description;Physical description;"Physical description (eth_physical_description;en)";en;Photography : infrared;f25e8e3f-c5c5-4a9d-9dbf-486c1f344030
eth_physical_description;Physical description;"Physical description (eth_physical_description;en)";en;Photography : gelatine silver print, stereo;57483fc1-3b87-4b91-98b0-55e873a48e8a
eth_physical_description;Physical description;"Physical description (eth_physical_description;en)";en;Photography : silver bromide print;9645fc47-fda6-42bc-b88c-46241a7182da
eth_physical_description;Physical description;"Physical description (eth_physical_description;en)";en;Original print : copper engraving;b4feceb7-4acf-4799-ad55-51453e7e6c67
eth_physical_description;Physical description;"Physical description (eth_physical_description;en)";en;Reproduction photography : albumen print, mounted on cardboard;f3b83387-0114-4b36-9980-036a07942e74
eth_physical_description;Physical description;"Physical description (eth_physical_description;en)";en;Photography : collodium print, mounted on cardboard;129e6921-8cb8-4e02-bf82-9ff60bcec791
eth_physical_description;Physical description;"Physical description (eth_physical_description;en)";en;Reproduction photography : paper print, mounted on cardboard;467a917d-1792-4216-9437-f7db983e865d
eth_physical_description;Physical description;"Physical description (eth_physical_description;en)";en;Original print : wood engraving;78923d44-fb01-470d-a7b8-a338b12bb98f
eth_physical_description;Physical description;"Physical description (eth_physical_description;en)";en;Catalog card;b2f24732-1dac-455c-8789-55c23691809f
eth_physical_description;Physical description;"Physical description (eth_physical_description;en)";en;Album;88c33049-c403-49e9-8c67-95215d88a453
eth_physical_description;Physical description;"Physical description (eth_physical_description;en)";en;Photography : glass-plate positive, stereo;44696e7d-4c4f-44fd-8cef-08098cbe562f
eth_physical_description;Physical description;"Physical description (eth_physical_description;en)";en;Drawing;ce3bcf75-01c5-4093-8fb7-8ded59f13f9d
eth_physical_description;Physical description;"Physical description (eth_physical_description;en)";en;Other;eth_other
eth_physical_description;Physical description;"Physical description (eth_physical_description;en)";en;Digital photography;eth_digital_photography
eth_physical_description;Physical description;"Physical description (eth_physical_description;en)";en;Original print : copper engraving, mounted on cardboard;eth_original_print_copper_cardboard
eth_physical_description;Physical description;"Physical description (eth_physical_description;en)";en;Original print : lithograph;eth_original_print_lithograph
eth_physical_description;Physical description;"Physical description (eth_physical_description;en)";en;Original print : lithograph, mounted on cardboard;eth_original_print_lithograph_cardboard
eth_physical_description;Physical description;"Physical description (eth_physical_description;en)";en;Photography : cyanotype, mounted on cardboard;eth_photography_cyanotype_cardboard
eth_physical_description;Physical description;"Physical description (eth_physical_description;en)";en;Photography : paper print;eth_photography_paper_print
eth_physical_description;Physical description;"Physical description (eth_physical_description;en)";en;Photography : paper print, platinotype;eth_photography_paper_print_platinotype
eth_physical_description;Physical description;"Physical description (eth_physical_description;en)";en;Photography : paper print, platinotype, mounted on cardboard;eth_photography_paper_print_cardboard
eth_physical_description;Physical description;"Physical description (eth_physical_description;en)";en;Photography : salted paper print, mounted on cardboard;eth_photography_salted_paper_cardboard
eth_physical_description;Physical description;"Physical description (eth_physical_description;en)";en;Photography on canvas;eth_photography_on_canvas
eth_physical_description;Physical description;"Physical description (eth_physical_description;en)";en;Painting;eth_painting
eth_physical_description;Physical description;"Physical description (eth_physical_description;en)";en;Microform;eth_microform
eth_physical_description;Physical description;"Physical description (eth_physical_description;en)";en;Autograph;eth_autograph
eth_physical_description;Physical description;"Physical description (eth_physical_description;en)";en;Photography : glass-plate negative, stereo;eth_glass_plate_negative_stereo
eth_physical_description;Physical description;"Physical description (eth_physical_description;en)";en;Print : photochrom;eth_print_photochrom
eth_physical_description;Physical description;"Physical description (eth_physical_description;en)";en;Original print : aquatint;eth_original_print_aquatint
eth_physical_description;Physical description;"Physical description (eth_physical_description;en)";en;Reproduction photography : paper print;eth_reproduction_paper_print
eth_physical_description;Physical description;"Physical description (eth_physical_description;en)";en;Original print : etching, mounted on cardboard;eth_original_print_etching_cardboard
eth_physical_description;Physical description;"Physical description (eth_physical_description;en)";en;Photography : tin-type;eth_photography_tin_type
eth_physical_description;Physical description;"Physical description (eth_physical_description;en)";en;Plan;eth_plan
eth_physical_description;Physical description;"Physical description (eth_physical_description;en)";en;Reproduction photography : postcard;eth_reproduction_postcard
eth_physical_description;Physical description;"Physical description (eth_physical_description;en)";en;Original print : steel engraving;eth_original_print_steel
eth_physical_description;Physical description;"Physical description (eth_physical_description;en)";en;Print : Woodburytype;eth_print_woodburytype
eth_physical_description;Physical description;"Physical description (eth_physical_description;en)";en;Photography : collodium print;eth_photography_collodium
eth_physical_description;Physical description;"Physical description (eth_physical_description;en)";en;Reproduction photography : drawing;eth_reproduction_drawing
eth_physical_description;Physical description;"Physical description (eth_physical_description;en)";en;Anaglyph image : paper print;eth_anaglyph_paper
eth_physical_description;Physical description;"Physical description (eth_physical_description;en)";en;Anaglyph image : paper print, mounted on cardbord;eth_anaglyph_paper_cardboard
eth_physical_description;Physical description;"Physical description (eth_physical_description;en)";en;Photography : RC print;eth_photography_rc_print
eth_physical_description;Physical description;"Physical description (eth_physical_description;en)";en;Original print : chromolithography;eth_original_print_chromolithography
eth_physical_description;Physical description;"Physical description (eth_physical_description;en)";en;Original print : chromolithography, mounted on cardboard;eth_original_print_chromolithography_cardboard
eth_physical_description;Physical description;"Physical description (eth_physical_description;en)";en;Photography : Polaroid;eth_photography_polaroid
eth_physical_description;Physical description;"Physical description (eth_physical_description;en)";en;Photography : RC print, mounted on cardboard;eth_photography_rc_print_cardboard
eth_physical_description;Physical description;"Physical description (eth_physical_description;en)";en;Photography : albumen print, stereo, mounted on cardboard;eth_photography_albumen_stereo_cardboard
eth_physical_description;Physical description;"Physical description (eth_physical_description;en)";en;Photography : glass-plate positive, autochrome;eth_photography_glass_autochrome
eth_physical_description;Physical description;"Physical description (eth_physical_description;en)";en;Reproduction photography : transparency positive, autochrome;eth_reproduction_autochrome
eth_physical_description;Physical description;"Physical description (eth_physical_description;en)";en;Print : heliogravure;eth_print_heliogravure
eth_physical_description;Physical description;"Physical description (eth_physical_description;en)";en;Reproduction photography : glass-plate positive, autochrome;eth_reproduction_glass_plate_autochrome
eth_physical_description;Physical description;"Physical description (eth_physical_description;en)";en;Reproduction photography : original print;eth_reproduction_original_print
eth_physical_description;Physical description;"Physical description (eth_physical_description;en)";en;Photography : diapositive, infrared;eth_photography_infrared
eth_physical_description;Physical description;"Physical description (eth_physical_description;en)";en;Reproduction photography : gelatine silver print;eth_reproduction_gelatine_silver
eth_physical_description;Physical description;"Physical description (eth_physical_description;en)";en;Photography : contact print;eth_photography_contact_print
eth_physical_description;Physical description;"Physical description (eth_physical_description;en)";en;Laser print;eth_laser_print
eth_physical_description;Physical description;"Physical description (eth_physical_description;en)";en;Photography : glass-plate positive, autochrome, stereo;eth_photography_glass_plate_autochrome
eth_physical_description;Physical description;"Physical description (eth_physical_description;en)";en;Photography : gelatine silver print, mounted on aluminium;eth_photography_gelatine_silver_aluminium
eth_physical_description;Physical description;"Physical description (eth_physical_description;en)";en;Reproduction photography : digital file;eth_reproduction_digital_file
eth_physical_description;Physical description;"Physical description (eth_physical_description;en)";en;Photography : negative, stereo;eth_photography_negative_stereo
eth_physical_description;Physical description;"Physical description (eth_physical_description;en)";en;Reproduction photography : gelatine silver print, mounted on paper;eth_reproduction_gelatine_silver_paper
eth_physical_description;Physical description;"Physical description (eth_physical_description;en)";en;;40064dbc-a3f1-4e47-bcc1-2f31a29e29b5
eth_physical_description;Physical description;"Physical description (eth_physical_description;en)";en;;78450885-43bb-40db-b3aa-2cb008117052
eth_physical_description;Physical description;"Physical description (eth_physical_description;en)";en;;0993dd79-f18e-4a7b-a095-39e2bcddbb0a
eth_physical_description;Physical description;"Physical description (eth_physical_description;en)";en;;7580db38-6b81-4bf2-b6ae-0211beb66c9c
eth_physical_description;Physical description;"Physical description (eth_physical_description;en)";en;;08ed7e19-54c5-455c-837e-4b1581d549ee
eth_physical_description;Physical description;"Physical description (eth_physical_description;en)";en;;eth_photography_gelatine_silver_stereoscopic_mounted_on_paper
eth_physical_description;Physical description;"Physical description (eth_physical_description;en)";en;;eth_reproduction_digital_photography
eth_physical_description;Physical description;"Physical description (eth_physical_description;en)";en;;a120cc58-bd8e-45fc-8782-dad65da850a2
eth_physical_description;Physical description;"Physical description (eth_physical_description;en)";en;;6e3c20c0-4964-41cb-a8b8-041cfe44d8d8
eth_physical_description;Physical description;"Physical description (eth_physical_description;en)";en;;c02cbe14-fe4e-47e3-8c06-0e6e3cf1dbd9
eth_physical_description;Physical description;"Physical description (eth_physical_description;en)";en;;df6b430a-c109-441e-bd6b-6bbb1b89cdc3
eth_physical_description;Physical description;"Physical description (eth_physical_description;en)";en;;64ac771e-cebd-402c-9199-074573145a49
eth_physical_description;Physical description;"Physical description (eth_physical_description;en)";en;;2a48fc29-7d42-40b2-9d73-adf844e4013e
eth_physical_description;Physical description;"Physical description (eth_physical_description;en)";en;;b6313f83-35aa-480a-af78-b50885628e01
eth_physical_description;Physical description;"Physical description (eth_physical_description;en)";en;;8647e850-9ddc-4bdc-9317-92bf33e98543
eth_physical_description;Physical description;"Physical description (eth_physical_description;en)";en;;1e1427df-63d3-428f-ac6c-33fc7a040eba
eth_physical_description;Physical description;"Physical description (eth_physical_description;en)";en;;115365e7-ac8c-49a5-9cf9-d13f7c915bf7
eth_physical_description;Physical description;"Physical description (eth_physical_description;en)";en;;97ae657f-2ad2-4983-9e7a-04786afa2b77
eth_physical_description;Physical description;"Physical description (eth_physical_description;en)";en;;d43f598f-8dcf-431a-9869-8366dce4bbda
eth_physical_description;Physical description;"Physical description (eth_physical_description;en)";en;;41ca1330-ccac-41e7-a889-f7d1db4cbc15
eth_physical_description;Physical description;"Physical description (eth_physical_description;en)";en;;067ac06b-1270-4748-b1e0-8db4d641d748
eth_physical_description;Physical description;"Physical description (eth_physical_description;en)";en;;0504d2bd-7e2a-449f-9cd5-b1e95051e64f
eth_physical_description;Physical description;"Physical description (eth_physical_description;en)";en;;365b9e08-e72d-4a61-a328-147d1400d4af
eth_physical_description;Physical description;"Physical description (eth_physical_description;en)";en;;28fd7db1-9d61-4cb5-94bc-1e3f7555285d
eth_physical_description;Physical description;"Physical description (eth_physical_description;en)";en;;3a4bdb4a-f516-46c4-b185-faef679d38d4
eth_physical_description;Physical description;"Physical description (eth_physical_description;en)";en;;f64a5ab8-8c3e-42d5-b65c-3208b2863440
eth_physical_description;Physical description;"Physical description (eth_physical_description;en)";en;;01e86ce8-41f9-4163-a07d-c0692c6819d7
eth_physical_description;Physical description;"Physical description (eth_physical_description;en)";en;;1de15803-2082-48b5-8ca8-26f5304cd213
eth_physical_description;Physical description;"Physical description (eth_physical_description;en)";en;;d3672561-c75a-4c3f-8dc7-8dc331e86f58
eth_physical_description;Physical description;"Physical description (eth_physical_description;en)";en;;cb896507-3f05-45cb-9d6c-4d64ea86f5b0
eth_physical_description;Physical description;"Physical description (eth_physical_description;en)";en;;ee9f05b6-7a4c-4ac3-8481-5132416fa00e
eth_physical_description;Physical description;"Physical description (eth_physical_description;en)";en;;26237603-d89a-431c-a4a0-fb84e0a68ef5
eth_physical_description;Physical description;"Physical description (eth_physical_description;en)";en;;2ed1d352-a7f5-4102-882c-b346ddb7ec0d
eth_physical_description;Physical description;"Physical description (eth_physical_description;en)";en;;bd1d78cd-dca9-469b-802b-2d34e84b6d9e
eth_physical_description;Physical description;"Physical description (eth_physical_description;en)";en;;4a16811f-8328-445a-b28e-85f87ab6d7cd
eth_physical_description;Physical description;"Physical description (eth_physical_description;en)";en;;e53962c7-1018-4b84-8aef-503604c84b08
eth_physical_description;Physical description;"Physical description (eth_physical_description;en)";en;;7660d295-243b-46c7-bbfd-0012443c92b8
eth_physical_description;Physical description;"Physical description (eth_physical_description;en)";en;;40c51877-290c-4e70-a6f4-9c192233ba49
eth_physical_description;Physical description;"Physical description (eth_physical_description;en)";en;;bf6cf743-d0ee-4036-8c81-99a5c4e9817e
eth_physical_description;Physical description;"Physical description (eth_physical_description;en)";en;;23d36571-d420-4065-a25a-24e23f78356c
eth_physical_description;Physical description;"Physical description (eth_physical_description;en)";en;;e0a7e35e-412a-4fb4-8e9a-064fa525603a
eth_physical_description;Physical description;"Physical description (eth_physical_description;en)";en;;eb8c2e70-07c7-48f8-99b1-f1b19f54c327
eth_physical_description;Physical description;"Physical description (eth_physical_description;en)";en;;445c7559-6a19-4648-9f5e-dcc9fa66093f
eth_physical_description;Physical description;"Physical description (eth_physical_description;en)";en;;7bcaa751-1b51-408a-8fed-2f3b9b04aac8
eth_physical_description;Physical description;"Physical description (eth_physical_description;en)";en;;6a0b0d33-f2a7-4286-836e-7ef1a15bfb2c
eth_physical_description;Physical description;"Physical description (eth_physical_description;en)";en;;22702a0d-6306-4a7d-9d04-20a3b5141e4f
eth_physical_description;Physical description;"Physical description (eth_physical_description;en)";en;;8a12e5ac-174f-4711-9ebd-8c38e734cc80
eth_physical_description;Physical description;"Physical description (eth_physical_description;en)";en;;413f0d73-a210-430e-8790-d51b619ccdd2
eth_physical_description;Physical description;"Physical description (eth_physical_description;en)";en;;b9587cbc-adf7-4cd1-821c-cb44662cada8
eth_physical_description;Physical description;"Physical description (eth_physical_description;en)";en;;e3e681e1-23e0-47e1-9748-6849a24b46d7
eth_physical_description;Physical description;"Physical description (eth_physical_description;en)";en;;ea3a935f-13b9-48df-84fa-4d98acfed78e
eth_physical_description;Physical description;"Physical description (eth_physical_description;en)";en;;f0e3d9fb-2116-4b56-8b2f-0fff2896225c
eth_physical_description;Physical description;"Physical description (eth_physical_description;en)";en;;44c39922-8b68-47b5-87b9-17e1d5f1dbc6
eth_physical_description;Physical description;"Physical description (eth_physical_description;en)";en;;8959ff36-4543-47ad-8287-3784a0da389d
eth_physical_description;Physical description;"Physical description (eth_physical_description;en)";en;;5c8463cc-2fc3-4c00-a70d-97652177e2f5
eth_physical_description;Physical description;"Physical description (eth_physical_description;en)";en;;ce2c7fa5-c73f-4389-9c27-731a6ffae85b
eth_physical_description;Physical description;"Physical description (eth_physical_description;en)";en;;eaaace33-dff3-4aba-a309-5ce3d06dbdd7
eth_physical_description;Physical description;"Physical description (eth_physical_description;en)";en;;d0f8e2d7-059c-495d-be9c-d108c3ca111d
eth_physical_description;Physical description;"Physical description (eth_physical_description;en)";en;;9c4627fa-9d12-45be-94b4-cbf821b3ea08
eth_physical_description;Physical description;"Physical description (eth_physical_description;en)";en;;b4604f3f-6b39-4ad6-b0f2-86f3f1ce5950
eth_physical_description;Physical description;"Physical description (eth_physical_description;en)";en;;453f63a2-0623-406a-b6b4-359f14005890
eth_physical_description;Physical description;"Physical description (eth_physical_description;en)";en;;5c8c8a7b-7091-4594-930a-869da2685179
eth_physical_description;Physical description;"Physical description (eth_physical_description;en)";en;;e91d1be8-9962-46a3-b377-971177a7fd18
eth_physical_description;Physical description;"Physical description (eth_physical_description;en)";en;;2dfc250e-1a9f-4a4a-803b-c4dba12e8c10
eth_physical_description;Physical description;"Physical description (eth_physical_description;en)";en;;9f0fd4ad-1dae-42e0-b595-0f470b688bd1
eth_physical_description;Physical description;"Physical description (eth_physical_description;en)";en;;acdeeb06-5c27-42e8-a67e-7789466c8f2f
eth_physical_description;Physical description;"Physical description (eth_physical_description;en)";en;;3344a853-d42e-4bea-bdf8-9bc5fe016a45
eth_physical_description;Physical description;"Physical description (eth_physical_description;en)";en;;811b6ed8-74b5-4333-b47f-7feccf014741
eth_physical_description;Physical description;"Physical description (eth_physical_description;en)";en;;d81a96f1-4fff-4ffd-9d42-c672a99b68d7
eth_physical_description;Physical description;"Physical description (eth_physical_description;en)";en;;6631beaf-5dbc-4faa-857a-6f7caabfa398
eth_physical_description;Physical description;"Physical description (eth_physical_description;en)";en;;f466619f-fe50-44f5-be04-5aea87c10eaf
eth_physical_description;Physical description;"Physical description (eth_physical_description;en)";en;;41cea7b5-6edd-4cdb-bbfd-2193c87a2516
eth_physical_description;Physical description;"Physical description (eth_physical_description;en)";en;;503a62a3-c641-42b1-9bfb-a4f15935ac3e
eth_physical_description;Physical description;"Physical description (eth_physical_description;en)";en;;fecae58c-2843-4669-9b2e-acf80ff8b9f7
eth_physical_description;Physical description;"Physical description (eth_physical_description;en)";en;;4da9bd34-3b95-4c01-bb80-f81757737b96
eth_physical_description;Physical description;"Physical description (eth_physical_description;en)";en;;e021c0ae-55a8-463c-bf4c-e7fcc5ffa5fb
eth_physical_description;Physical description;"Physical description (eth_physical_description;en)";en;;4ebf0684-d46f-494a-92e6-1053aa025a3a
eth_physical_description;Physical description;"Physical description (eth_physical_description;en)";en;;2d5e7559-effb-4b68-b34a-9e67740a9c76
eth_physical_description;Physical description;"Physical description (eth_physical_description;en)";en;;963c01e5-099d-4efa-b4e4-0f42233e89e1
eth_physical_description;Physical description;"Physical description (eth_physical_description;en)";en;;0538897c-0898-4d70-865e-12962503d570
eth_physical_description;Physical description;"Physical description (eth_physical_description;en)";en;;fd3cd792-bbd2-478a-b3fe-15469c2dd17c
eth_physical_description;Physical description;"Physical description (eth_physical_description;en)";en;;cd4cfad9-3fe7-496a-bbd6-df5fd5b507cd
eth_physical_description;Physical description;"Physical description (eth_physical_description;en)";en;;9d2aa1b7-795f-47a6-84fa-339a72f77ce9
eth_physical_description;Physical description;"Physical description (eth_physical_description;en)";en;;227a7fad-20b8-4d98-bb7d-ef0f4caa45df
eth_physical_description;Physical description;"Physical description (eth_physical_description;en)";en;;59af2054-0d10-4169-bb89-53c6bc51b41f
eth_physical_description;Physical description;"Physical description (eth_physical_description;en)";en;;281ae2ed-9501-43a3-8982-f74f7d019543
eth_physical_description;Physical description;"Physical description (eth_physical_description;en)";en;;2b1e9cee-8261-4b35-83f3-93bf63a7da49
eth_physical_description;Physical description;"Physical description (eth_physical_description;en)";en;;2fddc68a-e271-4741-8f0c-566a125c1cb1
eth_physical_description;Physical description;"Physical description (eth_physical_description;en)";en;;fd4bc988-9c0a-456c-bf88-9cbf4925f699
eth_physical_description;Physical description;"Physical description (eth_physical_description;en)";en;;f6435f1c-213d-48aa-9239-2f4c09edd526
eth_physical_description;Physical description;"Physical description (eth_physical_description;en)";en;;b7e5589c-a450-4bdb-8d42-db9629c5e7a6
eth_physical_description;Physical description;"Physical description (eth_physical_description;en)";en;;444e4d4f-a600-45ce-ad6f-4b17fcf89b97
eth_physical_description;Physical description;"Physical description (eth_physical_description;en)";en;;4be0fc76-49d6-4d06-8f33-415f3b94c13a
eth_physical_description;Physical description;"Physical description (eth_physical_description;en)";en;;f69f7c36-055b-4746-86e5-44bd56c0133a
eth_physical_description;Physical description;"Physical description (eth_physical_description;en)";en;;72919027-d422-45f4-8076-4fe14ea94425
eth_physical_description;Physical description;"Physical description (eth_physical_description;en)";en;;7bcb969d-a686-4544-b6a0-e9816c5d8e20
eth_physical_description;Physical description;"Physical description (eth_physical_description;en)";en;;663ef5f8-c333-4ce1-869e-9d3126ec5c40
eth_physical_description;Physical description;"Physical description (eth_physical_description;en)";en;;b0488611-c799-4df0-a27e-425dbc01a324
eth_physical_description;Physical description;"Physical description (eth_physical_description;en)";en;;5575fbd3-123e-45ef-88c1-607428360c8d
eth_physical_description;Physical description;"Physical description (eth_physical_description;en)";en;;fffd9e08-1eed-47a0-9cc2-554eeeed3113
eth_physical_description;Physical description;"Physical description (eth_physical_description;en)";en;;32751034-3e53-411b-8930-40d5ffcab18a
eth_physical_description;Physical description;"Physical description (eth_physical_description;en)";en;;3c468df7-81e6-4997-90d0-38346fc4bfcb
eth_dimension;Dimension;"Dimension (eth_dimension;en)";en;13 x 18 cm;1
eth_dimension;Dimension;"Dimension (eth_dimension;en)";en;18 x 24 cm;2
eth_dimension;Dimension;"Dimension (eth_dimension;en)";en;24 x 30 cm;3
eth_dimension;Dimension;"Dimension (eth_dimension;en)";en;4 x 4 cm;4
eth_dimension;Dimension;"Dimension (eth_dimension;en)";en;6 x 9 cm;5
eth_dimension;Dimension;"Dimension (eth_dimension;en)";en;6 x 6 cm;6
eth_dimension;Dimension;"Dimension (eth_dimension;en)";en;10 x 15 cm;7
eth_dimension;Dimension;"Dimension (eth_dimension;en)";en;9 x 12 cm;8
eth_dimension;Dimension;"Dimension (eth_dimension;en)";en;2,4 x 3,6 cm;9
eth_dimension;Dimension;"Dimension (eth_dimension;en)";en;20 x 30 cm;10
eth_dimension;Dimension;"Dimension (eth_dimension;en)";en;30 x 40 cm;11
eth_dimension;Dimension;"Dimension (eth_dimension;en)";en;Other size;12
eth_dimension;Dimension;"Dimension (eth_dimension;en)";en;4,5 x 6 cm;13
eth_dimension;Dimension;"Dimension (eth_dimension;en)";en;6 x 7 cm;14
eth_dimension;Dimension;"Dimension (eth_dimension;en)";en;6 x 8 cm;15
eth_dimension;Dimension;"Dimension (eth_dimension;en)";en;8,5 x 10 cm;16
eth_dimension;Dimension;"Dimension (eth_dimension;en)";en;8,5 x 8,5 cm;17
eth_dimension;Dimension;"Dimension (eth_dimension;en)";en;40 x 50 cm;18
eth_dimension;Dimension;"Dimension (eth_dimension;en)";en;9 x 13 cm;19
eth_dimension;Dimension;"Dimension (eth_dimension;en)";en;9 x 14 cm;20
eth_dimension;Dimension;"Dimension (eth_dimension;en)";en;50 x 60 cm;21
eth_dimension;Dimension;"Dimension (eth_dimension;en)";en;21 x 30 cm;22
eth_dimension;Dimension;"Dimension (eth_dimension;en)";en;30 x 42 cm;23
eth_dimension;Dimension;"Dimension (eth_dimension;en)";en;10,5 x 15 cm;24
eth_dimension;Dimension;"Dimension (eth_dimension;en)";en;12 x 17 cm;25
eth_dimension;Dimension;"Dimension (eth_dimension;en)";en;4 x 5'';26
eth_dimension;Dimension;"Dimension (eth_dimension;en)";en;23 x 23 cm;27
eth_dimension;Dimension;"Dimension (eth_dimension;en)";en;8,5 x 17 cm;28
eth_dimension;Dimension;"Dimension (eth_dimension;en)";en;8,5 x 12 cm;29
eth_dimension;Dimension;"Dimension (eth_dimension;en)";en;10,5 x 14,8 cm;30
eth_dimension;Dimension;"Dimension (eth_dimension;en)";en;;2fe1ca9d-50e0-4cc9-a056-730054aab355
eth_dimension;Dimension;"Dimension (eth_dimension;en)";en;;e3df8ec1-c31b-409d-bfc4-d8985d73f64e
eth_dimension;Dimension;"Dimension (eth_dimension;en)";en;;29f65cba-e654-4f03-ace8-fe095c90e777
eth_dimension;Dimension;"Dimension (eth_dimension;en)";en;;f2b700f7-04dc-49b1-bc67-07a0d7ac798e
eth_dimension;Dimension;"Dimension (eth_dimension;en)";en;;35e65951-6486-4693-b4e2-3b1d8467594a
eth_dimension;Dimension;"Dimension (eth_dimension;en)";en;;0e429437-dd87-42e9-a11e-27acf8bd04fb
eth_dimension;Dimension;"Dimension (eth_dimension;en)";en;;c695aa5f-796c-4018-99cb-67137c4fd1bb
eth_dimension;Dimension;"Dimension (eth_dimension;en)";en;;55f40f48-78f8-4ad8-a4f8-65ec5dcff568
eth_dimension;Dimension;"Dimension (eth_dimension;en)";en;;31
eth_dimension;Dimension;"Dimension (eth_dimension;en)";en;;32
eth_dimension;Dimension;"Dimension (eth_dimension;en)";en;;1d0ac03b-d716-4ba8-bc45-0fc57b9e7a01
eth_dimension;Dimension;"Dimension (eth_dimension;en)";en;;898244c4-e951-4e01-adeb-6c4232827302
eth_dimension;Dimension;"Dimension (eth_dimension;en)";en;;2dacfe71-85e1-410a-9971-bb15d9ba8e34
eth_dimension;Dimension;"Dimension (eth_dimension;en)";en;;67a7789e-74c6-48fa-ad94-2f619fcc2abf
eth_dimension;Dimension;"Dimension (eth_dimension;en)";en;;e08553b7-08a7-4169-8da0-0b415e7ea360
eth_dimension;Dimension;"Dimension (eth_dimension;en)";en;;3ed55f0a-ad8c-46e4-b5be-bb6487c89a7c
eth_dimension;Dimension;"Dimension (eth_dimension;en)";en;;7702de12-e2ec-40cf-91df-7a82a54de2b8
eth_dimension;Dimension;"Dimension (eth_dimension;en)";en;;af64cfa5-a924-48e1-b00f-49ed8d927403
eth_dimension;Dimension;"Dimension (eth_dimension;en)";en;;7524ccf1-9d1b-4c5c-9c68-16e760b91f2f
eth_dimension;Dimension;"Dimension (eth_dimension;en)";en;;4f852088-8e84-4372-842c-8264c1d227b3
eth_dimension;Dimension;"Dimension (eth_dimension;en)";en;;aacff075-f404-48e5-baec-f9f8d4d9f745
eth_dimension;Dimension;"Dimension (eth_dimension;en)";en;;0687e086-36e5-4f9a-9643-147bf5784b83
eth_dimension;Dimension;"Dimension (eth_dimension;en)";en;;34
eth_dimension;Dimension;"Dimension (eth_dimension;en)";en;;35
eth_dimension;Dimension;"Dimension (eth_dimension;en)";en;;36
eth_dimension;Dimension;"Dimension (eth_dimension;en)";en;;4f40fbb6-2216-4374-ae37-314993676cc2
eth_dimension;Dimension;"Dimension (eth_dimension;en)";en;;d073429d-e042-4706-8e9d-8f38d60f55f3
eth_dimension;Dimension;"Dimension (eth_dimension;en)";en;;3f3e43e0-7dbe-44e5-8572-179d22a12363
eth_dimension;Dimension;"Dimension (eth_dimension;en)";en;;49e6b70c-d88a-4c05-b73c-f4277f5e6847
eth_dimension;Dimension;"Dimension (eth_dimension;en)";en;;ad46b0a7-bd0c-49eb-ac5c-0e9104e3c7f5
eth_dimension;Dimension;"Dimension (eth_dimension;en)";en;;c7353e1d-bf41-4a1a-bbf9-d6096fcd706c
eth_dimension;Dimension;"Dimension (eth_dimension;en)";en;;5df1c232-c129-436c-ade5-2fe4f6ebd145
eth_dimension;Dimension;"Dimension (eth_dimension;en)";en;;2aacbfcd-4a1a-40ce-aa2f-e921ee99ff49
eth_dimension;Dimension;"Dimension (eth_dimension;en)";en;;03209bdb-7680-48bd-a776-ec722388d7ca
eth_dimension;Dimension;"Dimension (eth_dimension;en)";en;;2c4b30d1-3e60-4f31-921f-19faf70c7156
eth_dimension;Dimension;"Dimension (eth_dimension;en)";en;;a7aa60d9-5109-417e-9cba-4b8e50c9ddb9
eth_dimension;Dimension;"Dimension (eth_dimension;en)";en;;203580fc-10ee-4b98-8fc4-632d00253d74
eth_dimension;Dimension;"Dimension (eth_dimension;en)";en;;118dbfe4-1577-422a-b97c-0ea89e323b9b
eth_dimension;Dimension;"Dimension (eth_dimension;en)";en;;72466b24-8230-40ac-bcee-70685a52ba5a
eth_dimension;Dimension;"Dimension (eth_dimension;en)";en;;b09ddfb2-db57-4f56-a62f-27a6b494c905
eth_dimension;Dimension;"Dimension (eth_dimension;en)";en;;d678aa03-c9b8-4937-b4dc-ea39c2cf55f4
eth_dimension;Dimension;"Dimension (eth_dimension;en)";en;;6d3069d7-6195-4275-9eb1-729cf0fa9013
eth_dimension;Dimension;"Dimension (eth_dimension;en)";en;;ff6a2dcd-6346-4d9b-8a31-cc73f609a002
eth_dimension;Dimension;"Dimension (eth_dimension;en)";en;;b570d84c-1b69-428a-ba99-75da0f0bc9fa
eth_dimension;Dimension;"Dimension (eth_dimension;en)";en;;4be096f6-c9a4-4a04-8859-091215213582
eth_dimension;Dimension;"Dimension (eth_dimension;en)";en;;3191384e-a069-47ed-ac56-f28755f05204
eth_dimension;Dimension;"Dimension (eth_dimension;en)";en;;41566f1e-b76c-4846-ac0c-8a808295e029
eth_dimension;Dimension;"Dimension (eth_dimension;en)";en;;21193d1a-4873-4fe7-816b-aafb8d4f98fd
eth_dimension;Dimension;"Dimension (eth_dimension;en)";en;;8bed6d13-ad72-4580-aed9-3fde282b0c10
eth_dimension;Dimension;"Dimension (eth_dimension;en)";en;;8b6887d7-0a80-4e8e-9dc3-2e023f7ae738
eth_dimension;Dimension;"Dimension (eth_dimension;en)";en;;0ea4318a-3ef4-4054-a9bf-82b95a2e61d8
eth_dimension;Dimension;"Dimension (eth_dimension;en)";en;;d709f6d4-e0bb-49fe-98ac-c8182d470d5f
eth_dimension;Dimension;"Dimension (eth_dimension;en)";en;;bb6b99f6-9fb0-4f44-9a2a-ed6c0149b818
eth_dimension;Dimension;"Dimension (eth_dimension;en)";en;;ca4c21d9-2c3f-4a7a-81ee-7b670262160d
eth_dimension;Dimension;"Dimension (eth_dimension;en)";en;;99b4c6da-5a47-4225-af8b-6a9eb878c5c2
eth_dimension;Dimension;"Dimension (eth_dimension;en)";en;;26ff085f-446e-4595-8daf-bf15eab58a10
eth_dimension;Dimension;"Dimension (eth_dimension;en)";en;;1f4d6693-4530-4543-bb23-339f0b84a43e
eth_dimension;Dimension;"Dimension (eth_dimension;en)";en;;76a8687a-dedb-47b9-b587-b66995b2aa63
eth_dimension;Dimension;"Dimension (eth_dimension;en)";en;;b7a3d597-e094-45e9-9db8-e1c898b3d9e9
eth_dimension;Dimension;"Dimension (eth_dimension;en)";en;;90f3676b-4b37-4550-a263-652b5f131b13
eth_dimension;Dimension;"Dimension (eth_dimension;en)";en;;5814912b-a95b-4424-9ced-5d38b09ff7d9
eth_dimension;Dimension;"Dimension (eth_dimension;en)";en;;fb968edb-efa1-4a05-87cc-e184c16e63c7
eth_dimension;Dimension;"Dimension (eth_dimension;en)";en;;adb45cb1-5e1d-4a96-824f-7351e7990224
eth_dimension;Dimension;"Dimension (eth_dimension;en)";en;;9f1aab52-7ea5-42fc-a1a3-faf44139089d
eth_dimension;Dimension;"Dimension (eth_dimension;en)";en;;cc1ec606-3163-47cc-8e79-8baa205c6b1f
eth_dimension;Dimension;"Dimension (eth_dimension;en)";en;;ecf75346-7415-486f-a62c-46c3927deb5e
eth_dimension;Dimension;"Dimension (eth_dimension;en)";en;;ba49822f-0f03-440b-aead-39f7f3543c49
eth_dimension;Dimension;"Dimension (eth_dimension;en)";en;;78fecd55-0cf6-411d-8d9e-9f7f483b2a7c
eth_dimension;Dimension;"Dimension (eth_dimension;en)";en;;d9519169-2b9d-414c-9b00-31389ed2a49e
eth_form;Orientation;"Orientation (eth_form;en)";en;Horizontal;becbdf55-016b-452e-8ffb-c262757301d5
eth_form;Orientation;"Orientation (eth_form;en)";en;Vertical;a7fd453b-8a8f-4452-97e2-153dc5e1d5d1
eth_form;Orientation;"Orientation (eth_form;en)";en;Square;ec2d073c-d9c8-40b1-87de-852393296e9e
eth_form;Orientation;"Orientation (eth_form;en)";en;Circle;1cb00de4-740b-449f-8f67-f92107279c5e
eth_form;Orientation;"Orientation (eth_form;en)";en;Panoramic;3deb4734-112e-4d41-bce1-60a0f4ee4f1f
eth_form;Orientation;"Orientation (eth_form;en)";en;;no_value
eth_form;Orientation;"Orientation (eth_form;en)";en;;3b8fe72a-e1d9-4fb0-90aa-3ed7b31af80f
eth_form;Orientation;"Orientation (eth_form;en)";en;;b1c3bdb2-c91c-409f-a32f-18ee36f040fc
eth_form;Orientation;"Orientation (eth_form;en)";en;;a34f3145-3a61-4569-858c-a59ecae6cc79
eth_form;Orientation;"Orientation (eth_form;en)";en;;0e88216f-7eed-4e63-abcf-eab8d681dc24
eth_form;Orientation;"Orientation (eth_form;en)";en;;46b3db73-86a4-4885-ab0f-86e1599da4a1
eth_form;Orientation;"Orientation (eth_form;en)";en;;cfc2569f-145d-4d29-9b9c-02997fd148fd
eth_colour;Colour;"Colour (eth_colour;en)";en;coloured;eth_colour
eth_colour;Colour;"Colour (eth_colour;en)";en;hand coloured;eth_handcoloured
eth_colour;Colour;"Colour (eth_colour;en)";en;black and white;eth_black
eth_colour;Colour;"Colour (eth_colour;en)";en;transparent;eth_transparent
eth_colour;Colour;"Colour (eth_colour;en)";en;;no_value
eth_colour;Colour;"Colour (eth_colour;en)";en;;eth_black_toned
eth_license;;License (eth_license);;Copyright ETH-Bibliothek;eth_copyright
eth_license;;License (eth_license);;Public Domain Mark;eth_public
eth_license;;License (eth_license);;Creative Commons BY-NC 4.0;eth_creative_common
eth_license;;License (eth_license);;Unbekannt, Nutzungsrechte müssen selbst abgeklärt werden.;eth_unknown
eth_license;;License (eth_license);;Creative Commons BY-SA 4.0;89ab983d-c280-4819-80f9-3cb9972ceed5
eth_license;;License (eth_license);;Nur interner Gebrauch;79ab1eb2-717b-4670-bfa0-4540fda4927d
eth_license;;License (eth_license);;ProLitteris;474d75a8-1974-44c4-aa6d-6c202ca35ffe
eth_license;;License (eth_license);;Rechteinhaber;eth_rights_holder
eth_license;;License (eth_license);;Unbekannt. Bildrechte müssen durch Nutzende abgeklärt werden.;ad57e7a6-b5da-48a3-a1ea-26dc78f4efd2
eth_license;;License (eth_license);;Unbekannt;eth_unknown1
eth_availability;Availabilty;"Availabilty (eth_availability;en)";en;only scientific;eth_scientific
eth_availability;Availabilty;"Availabilty (eth_availability;en)";en;Free download and use;eth_download_use
eth_availability;Availabilty;"Availabilty (eth_availability;en)";en;Free to download;eth_free_download
eth_availability;Availabilty;"Availabilty (eth_availability;en)";en;free download, for internal use;eth_intern
eth_availability;Availabilty;"Availabilty (eth_availability;en)";en;Free available;eth_free
eth_availability;Availabilty;"Availabilty (eth_availability;en)";en;locked;eth_locked
eth_availability;Availabilty;"Availabilty (eth_availability;en)";en;Keystone;eth_keystone
eth_availability;Availabilty;"Availabilty (eth_availability;en)";en;No download, please order;eth_no_download
eth_availability;Availabilty;"Availabilty (eth_availability;en)";en;only on request;eth_request
eth_availability;Availabilty;"Availabilty (eth_availability;en)";en;not allowed;eth_not_allowd
eth_availability;Availabilty;"Availabilty (eth_availability;en)";en;Only on request. No download;eth_request_download
eth_availability;Availabilty;"Availabilty (eth_availability;en)";en;For non commercial purposes only;eth_non_commercial
eth_availability;Availabilty;"Availabilty (eth_availability;en)";en;;188ba75b-2d33-469e-87b2-ed8d2ec48973
eth_availability;Availabilty;"Availabilty (eth_availability;en)";en;;93ea3b02-d01d-46f4-9cb5-fe1d4a5de5c1
eth_availability;Availabilty;"Availabilty (eth_availability;en)";en;;c7f6e0d8-23c5-4111-b53b-a86a63c614c0
